Medical School Name,State,Degree Type,Average GPA,Average MCAT,Minimum MCAT Notes,Public School Status,Application System,In-State Matriculants %,Out-of-State Matriculants %,Match Score,In-State Advantage,Website URL,Accepts International Students,Requires Casper,Requires PREview,Application System,Application System
University of Alabama School of Medicine,AL,MD,3.83,509,494,Public,AMCAS,,,,,https://www.uab.edu/medicine/home/,True,False,Not Required,AMCAS,AMCAS
University of South Alabama College of Medicine,AL,MD,3.85,508,For out-of-state applicants only: 70th percentile (~507.5),Public,AMCAS,,,,,https://www.southalabama.edu/colleges/com/,True,False,Not Required,AMCAS,AMCAS
Alabama College of Osteopathic Medicine,AL,DO,3.45,503,NR,Private,AACOMAS,,,,,https://www.acom.edu/,True,False,Not Required,AACOMAS,AACOMAS
Edward Via College of Osteopathic Medicine – Auburn Campus,AL,DO,3.67,502,494,Private,AACOMAS,,,,,https://www.vcom.edu/locations/auburn,True,False,Not Required,AACOMAS,AACOMAS
Arkansas College of Osteopathic Medicine,AR,DO,3.5+,500+,NR,Private,AACOMAS,,,,,https://arcom.achehealth.edu/,True,True,Not Required,AACOMAS,AACOMAS
University of Arizona College of Medicine - Tucson,AZ,MD,3.74,508,498,Public,AMCAS,,,,,https://medicine.arizona.edu/,True,False,Not Required,AMCAS,AMCAS
University of Arizona School of Medicine - Phoenix,AZ,MD,3.80,516,495,Public,AMCAS,,,,,https://phoenixmed.arizona.edu/,True,False,Not Required,AMCAS,AMCAS
Mayo Clinic Alix School of Medicine,AZ,MD,3.94,521,508,Private,AMCAS,,,,,https://college.mayo.edu/academics/mayo-clinic-alix-school-of-medicine/,False,False,Not Required,AMCAS,AMCAS
A.T. Still University School of Osteopathic Medicine Arizona (SOMA),AZ,DO,3.50,502,NR,Private,AACOMAS,,,,,https://www.atsu.edu/,True,False,Not Required,AACOMAS,AACOMAS
Arizona College of Osteopathic Medicine of Midwestern University,AZ,DO,3.54,505,NR,Private,AACOMAS,,,,,https://www.midwestern.edu/academics/our-colleges/arizona-college-of-osteopathic-medicine,True,False,Not Required,AACOMAS,AACOMAS
California Northstate University College of Medicine,CA,MD,3.77,512,497,Private,AMCAS,,,,,https://medicine.cnsu.edu/,False,False,Not Required,AMCAS,AMCAS
California University of Science and Medicine,CA,MD,3.61,511,NR,Private,AMCAS,,,,,https://www.cusm.org/,True,True,Not Required,AMCAS,AMCAS
Charles R. Drew University of Medicine and Science,CA,MD,3.42,NR,NR,Private,AMCAS,,,,,https://la2050.org/organizations/charles-r-drew-university-of-medicine-and-science-cdu?gad_source=1&gad_campaignid=23322447741&gbraid=0AAAAApSVDI-05S8QzH_2PUi1cpHfzKWWi&gclid=Cj0KCQiAg63LBhDtARIsAJygHZ5ky4dPMhGOioNIBeDW2MCeE0y0Ko_pYj_KAVQs3PQJkdjsOl-wGhUaApjdEALw_wcB,True,False,Not Required,AMCAS,AMCAS
Loma Linda University School of Medicine,CA,MD,3.84,509,NR,Private,AMCAS,,,,,https://medicine.llu.edu/,True,False,Not Required,AMCAS,AMCAS
University of California – Davis School of Medicine,CA,MD,3.58,509,NR,Public,AMCAS,97.7,2.3,71.0,,https://health.ucdavis.edu/welcome/,False,False,Not Required,AMCAS,AMCAS
Stanford University School of Medicine,CA,MD,3.89,519,NR,Private,AMCAS,32.6,67.4,,none,https://www.med.stanford.edu/,True,False,Not Required,AMCAS,AMCAS
University of California – Irvine School of Medicine,CA,MD,3.89,516,NR,Public,AMCAS,,,,,https://www.meded.uci.edu/,False,False,Not Required,AMCAS,AMCAS
University of California – Los Angeles David Geffen School of Medicine,CA,MD,3.81,516,NR,Public,AMCAS,,,,,https://medschool.ucla.edu/,False,False,Not Required,AMCAS,AMCAS
University of California – Riverside School of Medicine,CA,MD,3.60,508,NR,Public,AMCAS,,,,,https://medschool.ucr.edu/,False,False,Not Required,AMCAS,AMCAS
University of California – San Diego School of Medicine,CA,MD,3.81,514.1,NR,Public,AMCAS,,,,,https://medschool.ucsd.edu/,False,False,Not Required,AMCAS,AMCAS
University of California – San Francisco School of Medicine,CA,MD,3.87,517,NR,Public,AMCAS,,,,,https://meded.ucsf.edu/,False,False,Not Required,AMCAS,AMCAS
University of Southern California Keck School of Medicine,CA,MD,3.85,517,NR,Private,AMCAS,,,,,https://keck.usc.edu/,True,False,Not Required,AMCAS,AMCAS
Kaiser Permanente School of Medicine,CA,MD,3.84,515,NR,Private,AMCAS,,,,,https://medschool.kp.org/,False,False,Required,AMCAS,AMCAS
Touro University California College of Osteopathic Medicine,CA,DO,3.58,506,NR,Private,AACOMAS,,,,,https://tu.edu/,True,False,Not Required,AACOMAS,AACOMAS
Western University of Health Sciences College of Osteopathic Medicine of the Pacific,CA,DO,3.66,508,NR,Private,AACOMAS,,,,,https://www.westernu.edu/osteopathic/,True,False,Not Required,AACOMAS,AACOMAS
California Health Sciences University College of Osteopathic Medicine,CA,DO,3.54,504.1,498,Private,AACOMAS,,,,,https://osteopathic.chsu.edu/,True,False,Not Required,AACOMAS,AACOMAS
University of Colorado School of Medicine,CO,MD,3.7,517,NR,Public,AMCAS,43.1,56.9,100.0,,https://medschool.cuanschutz.edu/,True,True,Not Required,AMCAS,AMCAS
Rocky Vista University College of Osteopathic Medicine,CO,DO,3.61,506,NR,Private,AACOMAS,,,,,https://www.rvu.edu/,True,False,Not Required,AACOMAS,AACOMAS
Quinnipiac University Frank H. Netter MD School of Medicine,CT,MD,3.70,511,NR,Private,AMCAS,,,,,https://www.qu.edu/schools/medicine/,False,False,Not Required,AMCAS,AMCAS
University of Connecticut School of Medicine,CT,MD,3.76,513,NR,Public,AMCAS,75.9,24.1,100.0,,https://medicine.uconn.edu/,True,False,Not Required,AMCAS,AMCAS
Yale School of Medicine,CT,MD,3.92,522,NR,Private,AMCAS,6.7,93.3,,none,https://medicine.yale.edu/,True,False,Not Required,AMCAS,AMCAS
George Washington University School of Medicine and Health Sciences,DC,MD,3.72,512,NR,Private,AMCAS,,,,,https://smhs.gwu.edu/,True,False,Recommended,AMCAS,AMCAS
Georgetown University School of Medicine,DC,MD,3.76,513,NR,Private,AMCAS,2.5,97.5,,none,https://som.georgetown.edu/,False,False,Not Required,AMCAS,AMCAS
Howard University College of Medicine,DC,MD,3.61,507,494,Private,AMCAS,2.4,97.6,,none,https://medicine.howard.edu/,True,False,Recommended (research only),AMCAS,AMCAS
Florida Atlantic University Charles E. Schmidt College of Medicine,FL,MD,3.81,516,NR,Public,AMCAS,,,,,https://www.fau.edu/medicine/,False,False,Not Required,AMCAS,AMCAS
Florida International University Herbert Wertheim College of Medicine,FL,MD,3.82,510,NR,Public,AMCAS,,,,,https://medicine.fiu.edu/,False,False,Not Required,AMCAS,AMCAS
Florida State University College of Medicine,FL,MD,3.68,507,498,Public,AMCAS,,,,,https://med.fsu.edu/,True,False,Not Required,AMCAS,AMCAS
University of Central Florida College of Medicine,FL,MD,3.89,514,500,Public,AMCAS,,,,,https://med.ucf.edu/,False,False,Not Required,AMCAS,AMCAS
University of Florida College of Medicine,FL,MD,3.86,515,500,Public,AMCAS,,,,,https://med.ufl.edu/,False,False,Not Required,AMCAS,AMCAS
University of Miami Miller School of Medicine,FL,MD,3.83,515,NR - (510 for 3-year accelerated path),Private,AMCAS,,,,,https://med.miami.edu/,False,True,Not Required,AMCAS,AMCAS
University of South Florida Health Morsani College of Medicine,FL,MD,3.95,520,NR,Public,AMCAS,,,,,https://health.usf.edu/medicine,False,False,Not Required,AMCAS,AMCAS
Lake Erie College of Osteopathic Medicine Bradenton Campus,FL,DO,3.71,502,NR,Private,AACOMAS,,,,,https://lecom.edu/communities/bradenton/,True,False,Not Required,AACOMAS,AACOMAS
Nova Southeastern University Dr. Kiran C. Patel College of Allopathic Medicine,FL,MD,3.75,512,NR,Private,AMCAS,,,,,https://md.nova.edu/,True,False,Not Required,AMCAS,AMCAS
Nova Southeastern University Dr. Kiran C. Patel College of Osteopathic Medicine,FL,DO,3.60,506,NR,Private,AACOMAS,,,,,https://osteopathic.nova.edu/,True,False,Not Required,AACOMAS,AACOMAS
Emory University School of Medicine,GA,MD,3.81,515.1,NR,Private,AMCAS,39.6,60.4,,none,https://www.med.emory.edu/,True,False,Not Required,AMCAS,AMCAS
Medical College of Georgia at Augusta University,GA,MD,3.80,512,NR,Public,AMCAS,99.6,0.4,,huge,https://www.augusta.edu/mcg/,True,True,Not Required,AMCAS,AMCAS
Mercer University School of Medicine,GA,MD,3.72,503,493–494,Private,AMCAS,100.0,0.0,,huge,https://medicine.mercer.edu/,False,False,Required,AMCAS,AMCAS
Morehouse School of Medicine,GA,MD,3.64,504.1,NR,Private,AMCAS,68.2,31.8,,material,https://www.msm.edu/,True,False,Highly Recommended,AMCAS,AMCAS
Georgia Campus Philadelphia College of Osteopathic Medicine,GA,DO,NR,500,NR,Private,AACOMAS,,,,,https://www.pcom.edu/campuses/georgia-campus/,True,False,Not Required,AACOMAS,AACOMAS
University of Hawaii John A. Burns School of Medicine,HI,MD,3.77,512,NR,Public,AMCAS,,,,,https://jabsom.hawaii.edu/,True,False,Required,AMCAS,AMCAS
University of Iowa Carver College of Medicine,IA,MD,3.81,515,NR,Public,AMCAS,65.8,34.2,91.0,,https://medicine.uiowa.edu/,False,False,Not Required,AMCAS,AMCAS
Des Moines University College of Osteopathic Medicine,IA,DO,3.71,507,NR,Private,AACOMAS,,,,,https://www.dmu.edu/com/,True,False,Not Required,AACOMAS,AACOMAS
Idaho College of Osteopathic Medicine,ID,DO,3.56,503.65,501,Private,AACOMAS,,,,,https://www.idahocom.org/,True,False,Not Required,AACOMAS,AACOMAS
Carle Illinois College of Medicine,IL,MD,3.73,513,498,Public,AMCAS,64.0,14.1,100.0,,https://medicine.illinois.edu/,True,False,Not Required,AMCAS,AMCAS
Chicago Medical School at Rosalind Franklin University of Medicine and Science,IL,MD,3.76,509,510The school notes most successful applicants have a 510 or above.,Private,AMCAS,,,,,https://www.rosalindfranklin.edu/,True,False,Not Required,AMCAS,AMCAS
Loyola University of Chicago Stritch School of Medicine,IL,MD,3.6,510,NR,Private,AMCAS,,,,,https://www.luc.edu/stritch/,True,False,Not Required,AMCAS,AMCAS
Northwestern University The Feinberg School of Medicine,IL,MD,3.93,520,NR,Private,AMCAS,,,,,https://www.feinberg.northwestern.edu/,True,False,Not Required,AMCAS,AMCAS
Rush Medical College of Rush University,IL,MD,3.67,509,NR,Private,AMCAS,,,,,https://www.rushu.rush.edu/rush-medical-college,True,False,Not Required,AMCAS,AMCAS
Southern Illinois University School of Medicine,IL,MD,3.7,508,498,Public,AMCAS,,,,,https://www.siumed.edu/,True,False,Recommended,AMCAS,AMCAS
University of Chicago Pritzker School of Medicine,IL,MD,3.91,521,NR,Private,AMCAS,,,,,https://pritzker.uchicago.edu/,True,False,Not Required,AMCAS,AMCAS
University of Illinois College of Medicine,IL,MD,3.70,511,NR,Public,AMCAS,64.0,14.1,73.0,,https://medicine.uic.edu/,True,False,Not Required,AMCAS,AMCAS
Chicago College of Osteopathic Medicine of Midwestern University,IL,DO,3.65,508,NR,Private,AACOMAS,,,,,https://www.midwestern.edu/,True,False,Not Required,AACOMAS,AACOMAS
Indiana University School of Medicine,IN,MD,3.8,511,NR,Public,AMCAS,,,,,https://medicine.iu.edu/,False,True,Not Required,AMCAS,AMCAS
Marian University College of Osteopathic Medicine,IN,DO,3.71,502,491,Private,AACOMAS,,,,,https://www.marian.edu/osteopathic-medical-school/index.php,True,False,Not Required,AACOMAS,AACOMAS
University of Kansas School of Medicine,KS,MD,3.84,509,NR,Public,AMCAS,74.4,25.6,100.0,,https://www.kumc.edu/school-of-medicine.html,False,False,Not Required,AMCAS,AMCAS
Kansas College of Osteopathic Medicine,KS,DO,3.0 Minimum for consideration,NR,500,Private,AACOMAS,,,,,https://kansascom.kansashsc.org/,True,False,Not Required,AACOMAS,AACOMAS
University of Kentucky College of Medicine,KY,MD,3.82,506,495,Public,AMCAS,77.6,22.4,100.0,,https://medicine.uky.edu/,True,False,Not Required,AMCAS,AMCAS
University of Louisville School of Medicine,KY,MD,3.73,508,NR,Public,AMCAS,,,,,https://louisville.edu/medicine,True,False,Recommended (research only),AMCAS,AMCAS
University of Pikeville Kentucky College of Osteopathic Medicine,KY,DO,3.50,502,NR,Private,AACOMAS,,,,,https://www.upike.edu/osteopathic-medicine/,True,False,Not Required,AACOMAS,AACOMAS
Louisiana State University – New Orleans School of Medicine,LA,MD,3.76,509 (74th %-ile),NR,Public,AMCAS,,,,,https://www.medschool.lsuhsc.edu/,True,False,Not Required,AMCAS,AMCAS
Louisiana State University – Shreveport School of Medicine,LA,MD,3.77,507,NR,Public,AMCAS,,,,,https://www.lsuhs.edu/our-schools/school-of-medicine,True,False,Not Required,AMCAS,AMCAS
Tulane University School of Medicine,LA,MD,3.61,509,NR,Private,AMCAS,,,,,https://medicine.tulane.edu/,True,True,Not Required,AMCAS,AMCAS
Edward Via College of Osteopathic Medicine – Louisiana Campus,LA,DO,3.67 (min 3.4),502,496,Private,AACOMAS,,,,,https://www.vcom.edu/locations/louisiana,True,False,Not Required,AACOMAS,AACOMAS
Boston University School of Medicine,MA,MD,3.74,517,NR,Private,AMCAS,,,,,https://www.bumc.bu.edu/camed/,True,True,Not Required,AMCAS,AMCAS
Harvard Medical School,MA,MD,3.90,520.42,NR,Private,AMCAS,12.3,87.7,,none,https://hms.harvard.edu/,True,False,Not Required,AMCAS,AMCAS
Tufts University School of Medicine,MA,MD,3.81,514,NR,Private,AMCAS,,,,,https://medicine.tufts.edu/,True,False,Not Required,AMCAS,AMCAS
University of Massachusetts Medical School,MA,MD,3.87,512,NR,Public,AMCAS,,,,,https://www.umassmed.edu/,True,False,Required,AMCAS,AMCAS
Johns Hopkins University School of Medicine,MD,MD,3.92,521,NR,Private,AMCAS,,,,,https://www.hopkinsmedicine.org/som/,True,False,Not Required,AMCAS,AMCAS
Uniformed Services University of the Health Sciences F. Edward Hebert School of Medicine,MD,MD,3.70,511,496,Public,AMCAS,,,,,https://medschool.usuhs.edu/,True,False,Recommended,AMCAS,AMCAS
University of Maryland School of Medicine,MD,MD,3.76,513,NR,Public,AMCAS,,,,,https://www.medschool.umaryland.edu/,True,False,Not Required,AMCAS,AMCAS
University of New England College of Osteopathic Medicine,ME,DO,3.62,502,490,Private,AACOMAS,,,,,https://www.une.edu/com,True,False,Not Required,AACOMAS,AACOMAS
Central Michigan University College of Medicine,MI,MD,3.7,508,NR,Public,AMCAS,76.9,23.1,,huge,https://www.cmich.edu/academics/colleges/college-of-medicine,False,True,Not Required,AMCAS,AMCAS
Michigan State University College of Human Medicine,MI,MD,3.7,507,NR,Public,AMCAS,79.4,20.6,,huge,https://humanmedicine.msu.edu/,True,True,Required (either PREview or Casper),AMCAS,AMCAS
Oakland University William Beaumont School of Medicine,MI,MD,3.87,510,NR,Private,AMCAS,55.2,44.8,,material,https://oakland.edu/medicine/,False,False,Highly Recommended,AMCAS,AMCAS
University of Michigan Medical School,MI,MD,3.84,514 - 515 (90th %-ile),NR,Public,AMCAS,,,,,https://medicine.umich.edu/medschool/home/,True,False,Not Required,AMCAS,AMCAS
Wayne State University School of Medicine,MI,MD,3.80,514,NR,Public,AMCAS,62.3,37.7,,material,https://www.med.wayne.edu/,True,False,Not Required,AMCAS,AMCAS
Western Michigan University School of Medicine,MI,MD,3.81,513,497,Private,AMCAS,39.3,60.7,,none,https://med.wmich.edu/,False,False,Not Required,AMCAS,AMCAS
Michigan State University College of Osteopathic Medicine,MI,DO,3.50–3.70,506–508,NR,Public,AACOMAS,,,,,https://com.msu.edu/,True,False,Not Required,AACOMAS,AACOMAS
Mayo Clinic Alix School of Medicine,MN,MD,3.94,521,NR,Private,AMCAS,,,,,https://college.mayo.edu/academics/mayo-clinic-alix-school-of-medicine/,False,False,Not Required,AMCAS,AMCAS
University of Minnesota Medical School - Twin Cities,MN,MD,3.77,511.1,NR,Public,AMCAS,,,,,https://med.umn.edu/,True,False,Not Required,AMCAS,AMCAS
University of Minnesota Medical School - Duluth,MN,MD,3.77,511.1,495,Public,AMCAS,,,,,https://med.umn.edu/about/duluth-campus,True,False,Not Required,AMCAS,AMCAS
University of Missouri – Columbia School of Medicine,MO,MD,3.83,509,494,Public,AMCAS,,,,,https://medicine.missouri.edu/,False,False,Not Required,AMCAS,AMCAS
Saint Louis University School of Medicine,MO,MD,3.89,513,NR,Private,AMCAS,33.7,66.3,,none,https://www.slu.edu/medicine/index.php,True,False,Required,AMCAS,AMCAS
University of Missouri – Kansas City School of Medicine,MO,MD,3.943.5 Minimum required for OOS applicants. 3.0 minimum for IS applicants.,495Minimum required for consideration,495,Public,AMCAS,,,,,https://med.umkc.edu/,False,False,Not Required,AMCAS,AMCAS
Washington University School of Medicine,MO,MD,3.88,519.5,NR,Private,AMCAS,2.2,97.8,,none,https://medicine.wustl.edu/,True,False,Not Required,AMCAS,AMCAS
A.T. Still University of Health Sciences Kirksville College of Osteopathic Medicine,MO,DO,3.65,502,NR,Private,AACOMAS,,,,,https://www.atsu.edu/kirksville-college-of-osteopathic-medicine,True,False,Not Required,AACOMAS,AACOMAS
Kansas City University of Medicine and Biosciences College of Osteopathic Medicine,MO,DO,3.62,505,NR,Private,AACOMAS,,,,,https://www.kansascity.edu/programs/college-of-osteopathic-medicine,True,False,Not Required,AACOMAS,AACOMAS
University of Mississippi School of Medicine,MS,MD,3.77,505,496,Public,AMCAS,100.0,0.0,100.0,,https://www.umc.edu/som/SOM_Home.html,False,False,Not Required,AMCAS,AMCAS
William Carey University College of Osteopathic Medicine,MS,DO,3.53,505,NR,Private,AACOMAS,,,,,https://www.wmcarey.edu/College/Osteopathic-Medicine,True,True,Not Required,AACOMAS,AACOMAS
Duke University School of Medicine,NC,MD,3.90,519,NR,Private,AMCAS,,,,,https://medschool.duke.edu/,True,False,Not Required,AMCAS,AMCAS
East Carolina University Brody School of Medicine,NC,MD,3.63,508,NR,Public,AMCAS,,,,,https://medicine.ecu.edu/,False,False,Not Required,AMCAS,AMCAS
University of North Carolina at Chapel Hill School of Medicine,NC,MD,3.79,512,NR,Public,AMCAS,88.2,11.8,,huge,https://www.med.unc.edu/,True,False,Not Required,AMCAS,AMCAS
Wake Forest School of Medicine,NC,MD,3.83,511,NR,Private,AMCAS,38.6,61.4,,none,https://school.wakehealth.edu/,False,True,Not Required,AMCAS,AMCAS
Campbell University Jerry M. Wallace School of Osteopathic Medicine,NC,DO,3.61,505,NR,Private,AACOMAS,,,,,https://medicine.campbell.edu/,True,False,Not Required,AACOMAS,AACOMAS
University of North Dakota School of Medicine and Health Sciences,ND,MD,3.80,507,NR,Public,AMCAS,48.6,51.4,,none,https://med.und.edu/,True,False,Not Required,AMCAS,AMCAS
Creighton University School of Medicine,NE,MD,3.87,513,NR,Private,AMCAS,4.0,96.0,,none,https://www.creighton.edu/medicine,True,False,Not Required,AMCAS,AMCAS
University of Nebraska Medical Center College of Medicine,NE,MD,3.75,515,NR,Private,AMCAS,79.5,20.5,,huge,https://www.unmc.edu/com/,True,False,Not Required,AMCAS,AMCAS
Geisel School of Medicine at Dartmouth,NH,MD,3.81,514,NR,Private,AMCAS,,,,,https://geiselmed.dartmouth.edu/,True,False,Not Required,AMCAS,AMCAS
Cooper Medical School of Rowan University,NJ,MD,3.77,511,NR,Public,AMCAS,,,,,https://cmsru.rowan.edu/,True,False,Recommended,AMCAS,AMCAS
Rutgers New Jersey Medical School,NJ,MD,3.70,515,NR,Public,AMCAS,,,,,https://njms.rutgers.edu/,True,False,Not Required,AMCAS,AMCAS
Rutgers Robert Wood Johnson Medical School,NJ,MD,3.70,514,NR,Public,AMCAS,,,,,https://rwjms.rutgers.edu/,True,True,Not Required,AMCAS,AMCAS
Hackensack Meridian School of Medicine,NJ,MD,3.8,514,NR,Private,AMCAS,,,,,https://www.hmsom.org/,False,False,Not Required,AMCAS,AMCAS
Rowan University School of Osteopathic Medicine,NJ,DO,3.60,507,NR,Public,AACOMAS,,,,,https://som.rowan.edu/,True,False,Not Required,AACOMAS,AACOMAS
University of New Mexico School of Medicine,NM,MD,3.76,505,494,Public,AMCAS,93.0,93.5,100.0,,https://som.unm.edu/,True,False,Not Required,AMCAS,AMCAS
Burrell College of Osteopathic Medicine at New Mexico State University,NM,DO,3.48,500,493,Private,AACOMAS,93.5,6.5,,huge,https://bfrcom.org/,True,False,Not Required,AACOMAS,AACOMAS
University of Nevada Reno School of Medicine,NV,MD,3.68,509,500,Public,AMCAS,70.0,82.9,100.0,,https://med.unr.edu/,False,False,Not Required,AMCAS,AMCAS
University of Nevada Las Vegas School of Medicine,NV,MD,3.6-3.7,510,NR,Public,AMCAS,,,,,https://www.unlv.edu/medicine,False,False,Not Required,AMCAS,AMCAS
Touro University – Nevada College of Osteopathic Medicine,NV,DO,3.54,506.9,500,Private,AACOMAS,,,,,https://tun.touro.edu/,True,False,Not Required,AACOMAS,AACOMAS
Albany Medical College,NY,MD,3.77,512,NR,Private,AMCAS,28.7,71.3,100.0,,https://www.amc.edu/academic/,False,False,Not Required,AMCAS,AMCAS
Albert Einstein College of Medicine,NY,MD,3.82,516,NR,Private,AMCAS,,,,,https://www.einsteinmed.edu/,False,False,Not Required,AMCAS,AMCAS
Columbia University College of Physicians and Surgeons,NY,MD,3.90,522,NR,Private,AMCAS,,,,,https://www.vagelos.columbia.edu/,True,False,Not Required,AMCAS,AMCAS
Hofstra Northwell School of Medicine,NY,MD,3.86,518,NR,Private,AMCAS,79.6,20.4,,huge,https://medicine.hofstra.edu/,False,False,Not Required,AMCAS,AMCAS
Icahn School of Medicine at Mount Sinai,NY,MD,3.81,519,NR,Private,AMCAS,,,,,https://icahn.mssm.edu/,True,False,Not Required,AMCAS,AMCAS
New York Medical College,NY,MD,3.60,515,NR,Private,AMCAS,49.2,50.8,,none,https://www.nymc.edu/,True,True,Not Required,AMCAS,AMCAS
New York University Grossman School of Medicine,NY,MD,3.98,523,NR,Private,AMCAS,49.2,50.8,,none,https://med.nyu.edu/,True,False,Not Required,AMCAS,AMCAS
New York University Long Island School of Medicine,NY,MD,3.94,516,NR,Private,AMCAS,49.2,50.8,,none,https://medli.nyu.edu/,True,False,Not Required,AMCAS,AMCAS
SUNY – Downstate Medical Center College of Medicine,NY,MD,3.73,513,NR,Public,AMCAS,,,,,https://www.downstate.edu/education-training/college-of-medicine/index.html,True,False,Not Required,AMCAS,AMCAS
University at Buffalo Jacobs School of Medicine and Biomedical Sciences,NY,MD,3.70,510,NR,Public,AMCAS,,,,,https://medicine.buffalo.edu/,True,False,Not Required,AMCAS,AMCAS
SUNY – Upstate Medical University,NY,MD,3.64,509.86,NR,Public,AMCAS,,,,,https://www.upstate.edu/,True,False,Not Required,AMCAS,AMCAS
Stony Brook University School of Medicine,NY,MD,3.93,516 (92nd %-ile),NR,Public,AMCAS,79.6,20.4,,huge,https://renaissance.stonybrookmedicine.edu/,True,False,Not Required,AMCAS,AMCAS
University of Rochester School of Medicine and Dentistry,NY,MD,3.60,517,NR,Private,AMCAS,,,,,https://www.urmc.rochester.edu/smd.aspx,True,False,Not Required,AMCAS,AMCAS
Weill Cornell Medical College,NY,MD,3.90,518,NR,Private,AMCAS,,,,,https://weill.cornell.edu/,True,False,Not Required,AMCAS,AMCAS
New York Institute of Technology College of Osteopathic Medicine,NY,DO,3.62,506,NR,Private,AACOMAS,49.2,50.8,,none,https://www.nyit.edu/medicine,True,False,Not Required,AACOMAS,AACOMAS
Touro College of Osteopathic Medicine - Middletown Campus,NY,DO,3.48,502.68,498,Private,AACOMAS,,,,,https://tourocom.touro.edu/about-us/facilities/middletown-campus/,True,False,Not Required,AACOMAS,AACOMAS
Touro College of Osteopathic Medicine - Harlem Campus,NY,DO,3.47,506.75,498,Private,AACOMAS,,,,,https://tourocom.touro.edu/about-us/facilities/harlem-campus/,True,False,Not Required,AACOMAS,AACOMAS
Case Western Reserve University School of Medicine,OH,MD,3.87,518,NR,Private,AMCAS,,,,,https://case.edu/medicine/,True,False,Not Required,AMCAS,AMCAS
Northeast Ohio Medical University,OH,MD,3.74,515,NR,Public,AMCAS,,,,,https://www.neomed.edu/,True,False,Not Required,AMCAS,AMCAS
The Ohio State University College of Medicine,OH,MD,3.82,514,NR,Public,AMCAS,,,,,https://medicine.osu.edu/,True,False,Not Required,AMCAS,AMCAS
The University of Toledo College of Medicine and Life Sciences,OH,MD,3.77,509,NR,Public,AMCAS,,,,,https://www.utoledo.edu/med,True,False,Not Required,AMCAS,AMCAS
University of Cincinnati College of Medicine,OH,MD,3.78,512,NR,Public,AMCAS,,,,,https://med.uc.edu/,False,False,Not Required,AMCAS,AMCAS
Wright State University Boonshoft School of Medicine,OH,MD,3.68,508.76,NR,Public,AMCAS,,,,,https://medicine.wright.edu/,True,False,Not Required,AMCAS,AMCAS
Ohio University Heritage College of Osteopathic Medicine,OH,DO,3.68,503.49,NR,Public,AACOMAS,,,,,https://www.ohio.edu/medicine/,True,False,Not Required,AACOMAS,AACOMAS
University of Oklahoma College of Medicine,OK,MD,3.81,510,492,Public,AMCAS,90.9,9.1,100.0,,https://medicine.ouhsc.edu/,False,False,Not Required,AMCAS,AMCAS
Oklahoma State University Center for Health Sciences College of Osteopathic Medicine,OK,DO,3.60,500,492,Public,AACOMAS,90.9,9.1,,huge,https://medicine.okstate.edu/com/,True,False,Recommended,AACOMAS,AACOMAS
Oregon Health & Science University School of Medicine,OR,MD,3.69,509,497,Public,AMCAS,72.0,28.0,,huge,https://www.ohsu.edu/school-of-medicine,True,False,Not Required,AMCAS,AMCAS
Western University of Health Sciences College of Osteopathic Medicine of the Pacific Northwest,OR,DO,3.62,507,NR,Private,AACOMAS,,,,,https://www.westernu.edu/osteopathic/,True,False,Not Required,AACOMAS,AACOMAS
Drexel University College of Medicine,PA,MD,3.69,511,NR,Private,AMCAS,32.6,67.4,,none,https://drexel.edu/medicine/,False,True,Not Required,AMCAS,AMCAS
Geisinger Commonwealth School of Medicine,PA,MD,3.82,511.82,NR,Private,AMCAS,,,,,https://www.geisinger.edu/education,False,False,Highly Recommended,AMCAS,AMCAS
Pennsylvania State University College of Medicine,PA,MD,3.75,511,NR,Public,AMCAS,,,,,https://med.psu.edu/,True,False,Not Required,AMCAS,AMCAS
Perelman School of Medicine University of Pennsylvania,PA,MD,3.94,521.8,NR,Private,AMCAS,,,,,https://www.med.upenn.edu/,True,False,Not Required,AMCAS,AMCAS
Sidney Kimmel Medical College at Thomas Jefferson University,PA,MD,3.78,514,NR,Private,AMCAS,,,,,https://www.jefferson.edu/academics/colleges-schools-institutes/skmc.html,True,False,Not Required,AMCAS,AMCAS
Temple University Lewis Katz School of Medicine,PA,MD,3.76,513,NR,Public,AMCAS,,,,,https://medicine.temple.edu/,False,True,Not Required,AMCAS,AMCAS
University of Pittsburgh School of Medicine,PA,MD,3.83,515,NR,Public,AMCAS,37.8,62.2,,none,https://www.medschool.pitt.edu/,False,False,Not Required,AMCAS,AMCAS
Lake Erie College of Osteopathic Medicine,PA,DO,3.41,503,NR,Private,AACOMAS,,,,,https://lecom.edu/,True,False,Not Required,AACOMAS,AACOMAS
Philadelphia College of Osteopathic Medicine,PA,DO,3.50,505,NR,Private,AACOMAS,,,,,https://www.pcom.edu/,True,False,Not Required,AACOMAS,AACOMAS
Ponce School of Medicine and Health Sciences,PR,MD,3.50,499,494,Private,AMCAS,65.0,35.0,,material,https://www.psm.edu/,True,False,Not Required,AMCAS,AMCAS
San Juan Bautista School of Medicine,PR,MD,3.57,499,492,Private,AMCAS,46.9,53.1,,none,https://www.sanjuanbautista.edu/,True,False,Not Required,AMCAS,AMCAS
Universidad Central Del Caribe School of Medicine,PR,MD,3.80,501,495,Private,AMCAS,85.7,14.3,,huge,https://www.uccaribe.edu/som/,True,False,Not Required,AMCAS,AMCAS
University of Puerto Rico School of Medicine,PR,MD,3.81,505,495,Public,AMCAS,98.0,2.0,,huge,https://md.rcm.upr.edu/,False,False,Not Required,AMCAS,AMCAS
Brown University The Warren Alpert Medical School,RI,MD,3.83,516,NR,Private,AMCAS,,,,,https://medical.brown.edu/,True,False,Not Required,AMCAS,AMCAS
Medical University of South Carolina College of Medicine,SC,MD,3.86,511,500,Public,AMCAS,,,,,https://medicine.musc.edu/,True,False,Not Required,AMCAS,AMCAS
University of South Carolina School of Medicine – Columbia,SC,MD,3.78,508,NR,Public,AMCAS,,,,,https://sc.edu/study/colleges_schools/medicine/index.php,True,False,Not Required,AMCAS,AMCAS
University of South Carolina School of Medicine – Greenville,SC,MD,3.7–3.75,511,NR,Public,AMCAS,,,,,https://sc.edu/study/colleges_schools/medicine_greenville/index.php,True,False,Not Required,AMCAS,AMCAS
Edward Via College of Osteopathic Medicine – Carolinas Campus,SC,DO,3.70,500-506,496,Private,AACOMAS,,,,,https://www.vcom.edu/locations/carolinas,True,False,Not Required,AACOMAS,AACOMAS
University of South Dakota Sanford School of Medicine,SD,MD,3.79,508.5,496,Public,AMCAS,71.0,73.2,95.0,,https://www.usd.edu/Academics/Colleges-and-Schools/sanford-school-of-medicine,False,False,Not Required,AMCAS,AMCAS
East Tennessee State University Quillen College of Medicine,TN,MD,3.78,510,NR,Public,AMCAS,81.8,18.2,,huge,https://www.etsu.edu/com/,True,True,Not Required,AMCAS,AMCAS
Meharry Medical College School of Medicine,TN,MD,3.46,503,NR,Private,AMCAS,18.1,81.9,,none,https://home.mmc.edu/,False,True,Not Required,AMCAS,AMCAS
University of Tennessee Health Science Center College of Medicine,TN,MD,3.83,511,NR,Public,AMCAS,90.2,9.8,,huge,https://uthsc.edu/medicine/,False,False,Not Required,AMCAS,AMCAS
Vanderbilt University School of Medicine,TN,MD,3.5-4.0,509-528,NR,Private,AMCAS,10.5,89.5,,none,https://medschool.vanderbilt.edu/,True,False,Not Required,AMCAS,AMCAS
Lincoln Memorial University DeBusk College of Osteopathic Medicine,TN,DO,3.50,499,494,Private,AACOMAS,,,,,https://www.lmunet.edu/debusk-college-of-osteopathic-medicine/,True,False,Not Required,AACOMAS,AACOMAS
Baylor College of Medicine,TX,MD,3.91,518,NR,Private,TMDSAS,82.7,17.3,100.0,,https://www.bcm.edu/,False,True,Not Required,TMDSAS,TMDSAS
TCU and UNTHSC School of Medicine,TX,MD,3.74,511,NR,Private,AMCAS,,,,,https://mdschool.tcu.edu/,False,False,Not Required,AMCAS,AMCAS
Texas A&M Health Science Center College of Medicine,TX,MD,3.86,512,NR,Public,TMDSAS,86.4,13.6,,material,https://medicine.tamu.edu/,False,False,Not Required,TMDSAS,TMDSAS
Texas Tech University Health Sciences Center Paul L. Foster School of Medicine,TX,MD,3.85,509,NR,Public,TMDSAS,90.1,9.9,,huge,https://elpaso.ttuhsc.edu/som/,True,False,Not Required,TMDSAS,TMDSAS
Texas Tech University Health Sciences Center School of Medicine – Lubbock,TX,MD,3.85,509,NR,Public,TMDSAS,90.1,9.9,,huge,https://www.ttuhsc.edu/medicine/default.aspx,True,False,Not Required,TMDSAS,TMDSAS
University of Houston Tilman J. Fertitta Family College of Medicine,TX,MD,3.84,512,NR,Public,TMDSAS,,,,,https://www.uh.edu/medicine/,False,False,Not Required,TMDSAS,TMDSAS
University of Texas at Austin Dell Medical School,TX,MD,3.78,514,NR,Public,TMDSAS,,,,,https://dellmed.utexas.edu/,True,False,Not Required,TMDSAS,TMDSAS
University of Texas Medical Branch School of Medicine,TX,MD,3.80,511,NR,Public,TMDSAS,,,,,https://som.utmb.edu/,False,False,Not Required,TMDSAS,TMDSAS
University of Texas McGovern Medical School at Houston,TX,MD,3.85,512,NR,Public,TMDSAS,,,,,https://med.uth.edu/,True,False,Not Required,TMDSAS,TMDSAS
University of Texas Rio Grande Valley School of Medicine,TX,MD,3.87,508,495,Public,TMDSAS,,,,,https://www.utrgv.edu/school-of-medicine/,False,False,Not Required,TMDSAS,TMDSAS
University of Texas School of Medicine at San Antonio,TX,MD,3.88,517.7,NR,Public,TMDSAS,,,,,https://uthscsa.edu/medicine/,True,False,Not Required,TMDSAS,TMDSAS
University of Texas Southwestern Medical School,TX,MD,3.89,516,NR,Public,TMDSAS,,,,,https://utswmed.org/,True,True,Not Required,TMDSAS,TMDSAS
Sam Houston State University College of Osteopathic Medicine,TX,DO,3.65,506,NR,Public,TMDSAS,,,,,https://www.shsu.edu/academics/osteopathic-medicine/,True,True,Not Required,TMDSAS,TMDSAS
University of the Incarnate Word School of Osteopathic Medicine,TX,DO,3.60,504,NR,Private,AACOMAS,,,,,https://osteopathic-medicine.uiw.edu/,True,False,Not Required,AACOMAS,AACOMAS
University of North Texas Health Science Center at Fort Worth Texas College of Osteopathic Medicine,TX,DO,3.81,507,NR,Private,TMDSAS,,,,,https://www.unthsc.edu/,True,False,Not Required,TMDSAS,TMDSAS
University of Utah School of Medicine,UT,MD,3.87,514,500,Public,AMCAS,72.8,27.2,,huge,https://medicine.utah.edu/,True,False,Required,AMCAS,AMCAS
Noorda College of Osteopathic Medicine,UT,DO,3.39,502,500,Private,AACOMAS,,,,,https://www.noordacom.org/,True,False,Not Required,AACOMAS,AACOMAS
Eastern Virginia Medical School,VA,MD,3.60,513,NR,Public,AMCAS,50.3,49.7,,none,https://www.evms.edu/,True,False,Not Required,AMCAS,AMCAS
Virginia Commonwealth University School of Medicine,VA,MD,3.79,512,NR,Public,AMCAS,46.2,53.8,,none,https://medschool.vcu.edu/,True,True,Not Required,AMCAS,AMCAS
Virginia Tech Carilion School of Medicine and Research Institute,VA,MD,3.65,512,NR,Public,AMCAS,46.2,53.8,,none,https://medicine.vtc.vt.edu/,True,False,Not Required,AMCAS,AMCAS
University of Virginia School of Medicine,VA,MD,3.85,517,NR,Public,AMCAS,50.3,49.7,,none,https://med.virginia.edu/,True,False,Not Required,AMCAS,AMCAS
Edward Via College of Osteopathic Medicine – Virginia Campus,VA,DO,3.60,502,495,Private,AACOMAS,46.2,53.8,,none,https://www.vcom.edu/locations/virginia,True,False,Not Required,AACOMAS,AACOMAS
Liberty University College of Osteopathic Medicine,VA,DO,3.6,504,501,Private,AACOMAS,,,,,https://www.liberty.edu/lucom/,True,False,Not Required,AACOMAS,AACOMAS
The University of Vermont Larner College of Medicine,VT,MD,3.70,512,NR,Public,AMCAS,,,,,https://www.med.uvm.edu/,True,True,Not Required,AMCAS,AMCAS
University of Washington School of Medicine,WA,MD,3.7,511,NR,Public,AMCAS,2.2,97.8,,none,https://www.uwmedicine.org/school-of-medicine,True,False,Not Required,AMCAS,AMCAS
Washington State University Elson S. Floyd College of Medicine,WA,MD,3.65,509,NR,Public,AMCAS,,,,,https://medicine.wsu.edu/,True,False,Not Required,AMCAS,AMCAS
Pacific Northwestern University of Health Sciences College of Osteopathic Medicine,WA,DO,3.60,502,NR,Private,AACOMAS,,,,,https://www.pnwu.edu/,True,False,Not Required,AACOMAS,AACOMAS
Marshall University Joan C. Edwards School of Medicine,WV,MD,3.8,504,496,Public,AMCAS,,,,,https://jcesom.marshall.edu/,False,False,Not Required,AMCAS,AMCAS
West Virginia University School of Medicine,WV,MD,3.76,510,NR,Public,AMCAS,46.2,53.8,,none,https://medicine.wvu.edu/,True,True,Not Required,AMCAS,AMCAS
West Virginia School of Osteopathic Medicine,WV,DO,3.53,502,495,Public,AACOMAS,46.2,53.8,,none,https://www.wvsom.edu/,True,False,Not Required,AACOMAS,AACOMAS
Medical College of Wisconsin,WI,MD,3.78,510,NR,Private,AMCAS,68.4,31.6,,material,https://www.mcw.edu/,True,True,Not Required,AMCAS,AMCAS
University of Wisconsin School of Medicine and Public Health,WI,MD,3.77,510,NR,Public,AMCAS,68.4,31.6,,material,https://www.med.wisc.edu/,True,False,Highly Recommended,AMCAS,AMCAS
